{"cameraMode":{"drawMode":0,"name":"Shaded","section":"Shading Mode"},"sceneLighting":true,"audioPlay":false,"sceneViewState":{"showFog":false,"showMaterialUpdate":false,"showSkybox":false,"showFlares":false,"showImageEffects":false,"showParticleSystems":false},"in2DMode":false,"pivot":{"x":9.36651611328125,"y":-266.821533203125,"z":259.5155334472656},"rotation":{"x":-0.18691375851631165,"y":0.6772355437278748,"z":-0.18415452539920808,"w":-0.6873880624771118},"size":599.3168334960938,"orthographic":false}