{"cameraMode":{"drawMode":0,"name":"Shaded","section":"Shading Mode"},"sceneLighting":true,"audioPlay":false,"sceneViewState":{"showFog":false,"showMaterialUpdate":false,"showSkybox":false,"showFlares":false,"showImageEffects":false,"showParticleSystems":false},"in2DMode":false,"pivot":{"x":490.8910217285156,"y":-85.16343688964844,"z":782.5416870117188},"rotation":{"x":-0.00782375130802393,"y":0.7586318254470825,"z":-0.651408851146698,"w":-0.009111631661653519},"size":282.75689697265627,"orthographic":false}