{"cameraMode":{"drawMode":0,"name":"Shaded","section":"Shading Mode"},"sceneLighting":true,"audioPlay":false,"sceneViewState":{"showFog":false,"showMaterialUpdate":false,"showSkybox":false,"showFlares":false,"showImageEffects":false,"showParticleSystems":false},"in2DMode":false,"pivot":{"x":361.78411865234377,"y":238.7835693359375,"z":259.4232177734375},"rotation":{"x":-0.31490156054496767,"y":0.015660293400287629,"z":-0.005196377169340849,"w":-0.948980987071991},"size":1723.1695556640625,"orthographic":false}