{"cameraMode":{"drawMode":0,"name":"Shaded","section":"Shading Mode"},"sceneLighting":true,"audioPlay":false,"sceneViewState":{"showFog":false,"showMaterialUpdate":false,"showSkybox":false,"showFlares":false,"showImageEffects":false,"showParticleSystems":false},"in2DMode":false,"pivot":{"x":199.75999450683595,"y":2.640000104904175,"z":208.33999633789063},"rotation":{"x":-0.21285824477672578,"y":0.0029312116093933584,"z":-0.0006385917658917606,"w":-0.9770784974098206},"size":22.0,"orthographic":false}