{"cameraMode":{"drawMode":0,"name":"Shaded","section":"Shading Mode"},"sceneLighting":true,"audioPlay":false,"sceneViewState":{"showFog":false,"showMaterialUpdate":false,"showSkybox":false,"showFlares":false,"showImageEffects":false,"showParticleSystems":false},"in2DMode":false,"pivot":{"x":413.95965576171877,"y":-3.4487037658691408,"z":543.0834350585938},"rotation":{"x":0.08951500803232193,"y":-0.8758574724197388,"z":0.17846021056175233,"w":0.43933215737342837},"size":86.14797973632813,"orthographic":false}