{"cameraMode":{"drawMode":0,"name":"Shaded","section":"Shading Mode"},"sceneLighting":false,"audioPlay":false,"sceneViewState":{"showFog":false,"showMaterialUpdate":false,"showSkybox":false,"showFlares":false,"showImageEffects":false,"showParticleSystems":false},"in2DMode":false,"pivot":{"x":-0.02188873291015625,"y":7.582559585571289,"z":-0.6503047943115234},"rotation":{"x":0.04483385756611824,"y":0.9482324719429016,"z":-0.2731824517250061,"w":0.15561650693416596},"size":51.99162292480469,"orthographic":false}